{"means": [[0.6467425266206414, 1.000000000000003, 0.47454675495892157, 0.5827520568891064, 0.38879753363700625], [0.583224770689549, 0.9999999999999986, 0.5076450485873927, 0.576064147015482, 0.44078688163444596], [0.6200806347352117, 0.0, 0.5146152668037407, 0.5594858456312062, 0.44552285493183347]], "covariances": [[[0.008014369064774342, 5.911184347693388e-30, 0.0013808232958600504, -0.0014889887503345685, 0.0018502439830054007], [5.912906856783118e-30, 1e-06, 4.453667988113842e-30, 5.81462724937379e-30, 3.571043061785435e-30], [0.0013808232958600509, 4.452637702303162e-30, 0.008911865908035747, -0.001539280994012728, 0.0012744071375896913], [-0.0014889887503345685, 5.816880999584651e-30, -0.0015392809940127277, 0.00769456498853358, -0.0018254743023586775], [0.0018502439830054007, 3.570745244793286e-30, 0.0012744071375896913, -0.0018254743023586777, 0.010274526631346677]], [[0.016794478786988334, 1.3823954158910585e-30, -0.001735320529252785, 0.0012524768891127374, -0.0027457431252183185], [1.3837848162001746e-30, 1e-06, 1.219430337967639e-30, 1.6118454695436703e-30, 1.1967946912649546e-30], [-0.0017353205292527855, 1.2195461213267321e-30, 0.01704736812745221, -0.0026060761419996986, 0.004907223636390827], [0.0012524768891127374, 1.6121566373212328e-30, -0.0026060761419996995, 0.018168070790656583, -0.0037944884401691884], [-0.0027457431252183185, 1.1982998749331637e-30, 0.004907223636390828, -0.003794488440169188, 0.02274066952572424]], [[0.014889226071840721, 0.0, -0.0020136642461470997, 0.0009326639710243396, -0.0019639508530838604], [0.0, 1e-06, 0.0, 0.0, 0.0], [-0.0020136642461470997, 0.0, 0.013572840105334638, -0.0006224296143354075, 0.003977519547342312], [0.0009326639710243396, 0.0, -0.0006224296143354075, 0.012280539965297778, -0.0010417389509010725], [-0.001963950853083861, 0.0, 0.0039775195473423135, -0.0010417389509010727, 0.016788445743557583]]], "weights": [0.6125375285530993, 0.3406624714469007, 0.04680000000000006]}